{"train/loss":5.1682,"_runtime":4565.867376342,"train_samples_per_second":16.046,"train/global_step":4600,"eval/loss":1.4150152206420898,"_step":107,"eval/samples_per_second":95.818,"train/epoch":4.994841162096117,"_wandb":{"runtime":4587},"total_flos":4.995988940990054e+16,"eval/runtime":8.537,"train/learning_rate":1.5116279069767443e-07,"train_steps_per_second":1.002,"train_loss":5.909133665665336,"train_runtime":4590.5981,"_timestamp":1.7365944125198264e+09,"eval/steps_per_second":12.065,"train/grad_norm":19.187110900878906}